"Date","Price","Open","High","Low","Vol.","Change %"
11/1/1987,0.687655,0.722997,0.772647,0.687655,105016,-4.89%
12/1/1987,0.744319,0.737209,0.744319,0.687655,291718,0.96%
1/1/1988,0.822304,0.744319,0.84353,0.722997,148774,10.48%
2/1/1988,0.808085,0.822304,0.822304,0.737209,147317,-1.73%
3/1/1988,0.751429,0.737209,0.808085,0.737209,304844,1.93%
4/1/1988,0.907296,0.751429,0.942837,0.751429,520717,20.74%
5/1/1988,1.01331,0.942837,1.01331,0.907296,377636,7.47%
6/1/1988,0.97078,0.991995,1.01331,0.95657,168084,-2.14%
7/1/1988,1.084159,1.01331,1.084159,0.97078,412571,6.99%
8/1/1988,1.027419,1.027419,1.084159,1.027419,452855,0.00%
9/1/1988,1.041629,1.027419,1.084159,1.01331,777916,1.38%
10/1/1988,1.225857,1.098268,1.445509,1.062844,1790605,11.62%
11/1/1988,1.225857,1.225857,1.296706,1.211647,658450,0.00%
12/1/1988,1.332131,1.211647,1.332131,1.211647,748745,9.94%
1/1/1989,1.530468,1.332131,1.530468,1.261281,1273842,14.89%
2/1/1989,1.537573,1.459619,1.551783,1.459619,1354414,5.34%
3/1/1989,1.623442,1.566677,1.673005,1.510009,1610479,3.62%
4/1/1989,1.970759,1.623442,2.296857,1.595108,4937957,21.39%
5/1/1989,2.077086,1.970759,2.105528,1.864431,2667159,5.40%
6/1/1989,2.077086,2.091306,2.105528,1.999091,1199291,-0.68%
7/1/1989,2.466075,2.077086,2.466075,1.999091,3165845,18.73%
8/1/1989,2.522721,2.522721,2.551043,2.437641,2969694,0.00%
9/1/1989,2.834467,2.466075,2.976179,2.466075,3625020,14.94%
10/1/1989,2.664431,2.834467,3.259705,2.636111,4672836,-6.00%
11/1/1989,2.466075,2.721088,2.749501,2.437641,1454418,-9.37%
12/1/1989,2.239285,2.466075,2.494331,1.757403,3886092,-9.20%
1/1/1990,2.239285,2.239285,2.692753,2.097573,3175200,0.00%
2/1/1990,2.182549,2.210963,2.352687,2.125895,1212750,-1.29%
3/1/1990,2.352687,2.182549,2.352687,2.097573,1861902,7.80%
4/1/1990,2.409329,2.409329,2.749501,2.324263,3067596,0.00%
5/1/1990,2.607777,2.409329,2.891201,2.409329,2427264,8.24%
6/1/1990,3.288027,2.721088,3.514807,2.607777,3673971,20.84%
7/1/1990,2.494331,3.344671,3.798231,2.437641,8165115,-25.42%
8/1/1990,2.210975,2.324263,2.777823,2.040816,5714919,-4.87%
9/1/1990,1.757414,2.210975,2.267573,1.644013,4608450,-20.51%
10/1/1990,1.644013,1.757414,2.125895,1.587301,4663575,-6.45%
11/1/1990,2.154217,1.644013,2.267573,1.587301,4548033,31.03%
12/1/1990,2.409319,2.154217,2.551043,2.040816,4610214,11.84%
1/1/1991,2.834467,2.409319,2.891201,1.984195,4790142,17.65%
2/1/1991,3.089569,2.891201,3.344671,2.777823,6890625,6.86%
3/1/1991,2.919546,3.259705,3.968253,2.607777,11952864,-10.44%
4/1/1991,3.40136,2.919546,3.458072,2.834467,4874814,16.50%
5/1/1991,3.095238,3.40136,3.514807,2.97619,3434004,-9.00%
6/1/1991,2.767904,3.095238,3.214285,2.5,3550680,-10.58%
7/1/1991,2.70838,2.797619,3.095238,2.5,10059840,-3.19%
8/1/1991,2.946476,2.648857,2.97619,2.619047,6019020,11.24%
9/1/1991,2.678571,2.946476,2.97619,2.559523,3337740,-9.09%
10/1/1991,3.035714,2.619047,3.154761,2.5,7229460,15.91%
11/1/1991,3.095238,3.035714,3.273809,2.97619,2418780,1.96%
12/1/1991,3.273809,3.035714,3.333333,2.97619,1981560,7.84%
1/1/1992,2.619047,3.273809,3.392857,2.619047,5537700,-20.00%
2/1/1992,3.154761,2.619047,3.690476,2.619047,5073180,20.45%
3/1/1992,3.095238,3.273809,3.333333,2.97619,848400,-5.45%
4/1/1992,2.738095,2.97619,3.154761,2.559523,3588480,-8.00%
5/1/1992,3,2.797619,3.1875,2.738095,1419460,7.23%
6/1/1992,2.75,2.9375,3.0625,2.625,1439600,-6.38%
7/1/1992,2.2813,2.5,2.75,2.1875,2918400,-8.75%
8/1/1992,2.0938,2.3125,2.3125,2.0625,2313600,-9.46%
9/1/1992,1.7813,2.1563,2.2188,1.6875,2538400,-17.39%
10/1/1992,1.5938,1.6875,1.875,1.4375,3400400,-5.55%
11/1/1992,1.875,1.6875,2,1.5,4575600,11.11%
12/1/1992,2.0625,1.9063,2.3125,1.8125,3749200,8.19%
1/1/1993,2.4688,2.0625,2.875,2,3676800,19.70%
2/1/1993,2.625,2.4375,2.625,2.375,3110400,7.69%
3/1/1993,2.9375,2.5625,3.0625,2.4375,4325200,14.63%
4/1/1993,2.5,2.875,2.9375,2.375,2417200,-13.04%
5/1/1993,2.25,2.375,2.625,2.125,2185200,-5.26%
6/1/1993,2.2188,2.1875,2.375,1.9688,1891600,1.43%
7/1/1993,2.7188,2.3125,2.7188,2.25,2075600,17.57%
8/1/1993,2.5625,2.75,2.75,2.4375,1334400,-6.82%
9/1/1993,2.5938,2.4688,2.625,2.4375,665200,5.06%
10/1/1993,2.6875,2.5938,2.75,2.5,1376800,3.61%
11/1/1993,2.3125,2.5938,2.7188,2.3125,1142800,-10.85%
12/1/1993,2.5313,2.4063,2.6875,2.3438,993600,5.19%
1/1/1994,2.5,2.5313,2.625,2.2813,2216800,-1.24%
2/1/1994,2.3438,2.3125,2.5,2.25,1627600,1.35%
3/1/1994,2.4688,2.375,2.625,2.3438,2376800,3.95%
4/1/1994,2.5625,2.4688,2.75,2.4375,1212400,3.80%
5/1/1994,2.5313,2.625,2.6875,2.5,1790400,-3.57%
6/1/1994,2.625,2.5313,2.75,2.5,1122000,3.70%
7/1/1994,2.8438,2.5625,2.875,2.5,1573600,10.98%
8/1/1994,3.125,2.875,3.3125,2.75,1749600,8.70%
9/1/1994,3.0938,3.125,3.25,3,1212400,-1.00%
10/1/1994,3.063,3.0938,3.125,2.8125,2202000,-1.00%
11/1/1994,3,3,3.125,2.875,1071600,0.00%
12/1/1994,3.375,3.1,3.375,3,1126000,8.87%
1/1/1995,3.454,3.375,3.563,3.25,1858400,2.34%
2/1/1995,3.688,3.38,3.75,3.375,1096000,9.11%
3/1/1995,3.625,3.657,3.688,3.375,1574400,-0.88%
4/1/1995,3.875,3.47,4,3.438,2769600,11.67%
5/1/1995,4.25,4,4.25,3.875,2192400,6.25%
6/1/1995,4.5,4.25,4.5,4.125,2235200,5.88%
7/1/1995,4.875,4.44,5,4.125,3657600,9.80%
8/1/1995,4.938,4.907,5,4.5,3335200,0.63%
9/1/1995,5.063,4.88,5.375,4.875,1707200,3.75%
10/1/1995,4.813,5.063,5.188,4.813,2172800,-4.94%
11/1/1995,5.563,4.81,5.657,4.688,5057600,15.65%
12/1/1995,6,5.5,6.532,5.438,3323200,9.09%
1/1/1996,5.375,6,6.032,5.125,2745200,-10.42%
2/1/1996,5.5,5.19,5.625,5.063,1694400,5.97%
3/1/1996,5.688,5.44,5.813,5.375,882400,4.56%
4/1/1996,5.813,5.69,6.125,5.625,2204800,2.16%
5/1/1996,6.094,5.94,6.688,5.813,3057600,2.59%
6/1/1996,6.438,6.063,6.532,5.938,2375200,6.19%
7/1/1996,6,6.38,6.5,5.657,2024800,-5.96%
8/1/1996,6.375,5.88,6.5,5.875,1096400,8.42%
9/1/1996,7.063,6.375,7.063,6,1737600,10.79%
10/1/1996,6.532,7.06,7.438,6.469,2024400,-7.48%
11/1/1996,7.563,6.58,7.594,6.532,1449600,14.94%
12/1/1996,8.063,7.56,8.125,7.407,3048400,6.65%
1/1/1997,9.063,8.063,9.125,7.938,4257600,12.40%
2/1/1997,9.438,9.06,10,8.875,5112000,4.17%
3/1/1997,8.875,9.5,9.938,8.875,4325200,-6.58%
4/1/1997,8.75,8.81,8.938,8.313,2388800,-0.68%
5/1/1997,9.875,9,10.125,8.75,3259200,9.72%
6/1/1997,11.313,9.875,11.938,9.688,3282800,14.56%
7/1/1997,12.469,11.063,13.157,10.438,5858800,12.71%
8/1/1997,13.438,12.313,13.688,12.125,3323200,9.14%
9/1/1997,14.625,13.438,14.938,13.438,3523600,8.83%
10/1/1997,13.657,14.5,14.75,12.375,4756400,-5.81%
11/1/1997,13.172,13.5,14,12.219,3495200,-2.43%
12/1/1997,14.063,13.25,14.657,13.063,4146000,6.14%
1/1/1998,13.782,14.063,14.407,12.375,5701200,-2.00%
2/1/1998,14.25,13.782,15.157,13.782,3208800,3.40%
3/1/1998,15.266,14.25,16.125,13.75,3635600,7.13%
4/1/1998,16.313,15.44,16.688,15.125,2280000,5.65%
5/1/1998,16.375,16.688,17.875,15.5,5219400,-1.88%
6/1/1998,17.797001,16.75,18.5,15.625,3411800,6.25%
7/1/1998,15.5,17.379999,19.516001,14.875,3846800,-10.82%
8/1/1998,12.219,14.57,17.375,11.438,5488400,-16.14%
9/1/1998,8,12.19,14.438,6.25,20257200,-34.37%
10/1/1998,10.25,7.75,10.5,5.157,10280000,32.26%
11/1/1998,12.5,10.03,13.375,9.625,6336000,24.63%
12/1/1998,8.516,12.07,13.657,8,8392200,-29.44%
1/1/1999,9.407,8.516,9.625,7.5,6539400,10.46%
2/1/1999,9.594,9.5,9.813,8.782,5965000,0.99%
3/1/1999,10.344,9.63,11,9.188,3840400,7.41%
4/1/1999,8.782,10.375,12.672,8.188,8228600,-15.35%
5/1/1999,9.625,8.78,9.875,8.375,2875800,9.62%
6/1/1999,12.375,9.5,12.438,9.5,3276800,30.26%
7/1/1999,12.25,12.44,14.313,11.157,3870600,-1.53%
8/1/1999,11.219,12.25,13.438,10.375,2646000,-8.42%
9/1/1999,12.063,11.28,12.594,10.907,2377400,6.94%
10/1/1999,16.313,12.13,18.188,11.094,10839400,34.48%
11/1/1999,18.407,16.32,20.469,16.25,6930200,12.79%
12/1/1999,24.75,18.219999,27.610001,18,9826600,35.84%
1/1/2000,27.875,25.049999,28.219,23.813,9600200,11.28%
2/1/2000,39.625,27.940001,39.875,27.813,11428400,41.82%
3/1/2000,35.938,39,45.313,29.657,14594800,-7.85%
4/1/2000,30.875,35.060001,36.688,16.75,21267800,-11.94%
5/1/2000,32.813,31.16,35.188,26.078119,11858400,5.30%
6/1/2000,42.625,32.810001,44.75,32.625,15159900,29.91%
7/1/2000,43.8125,42.625,51,39.5,11031000,2.79%
8/1/2000,57.625,43.880001,59.188,42,15182600,31.32%
9/1/2000,58.219002,58.130001,65,44.875,18818700,0.15%
10/1/2000,46.25,58.220001,61.875,30.375,25570900,-20.56%
11/1/2000,34.5,46,49,33.813,11881700,-25.00%
12/1/2000,34.563,34.810001,46.625,31.5,24121100,-0.71%
1/1/2001,32.5,34.563,39.125,27.188,24308600,-5.97%
2/1/2001,27.938,32.5625,33.5,27.313,15165200,-14.20%
3/1/2001,23.5,27.879999,30.625,20.625,22937500,-15.71%
4/1/2001,25.059999,23.5,26.448999,18,20445500,6.64%
5/1/2001,27.65,25.1,31.76,25.1,16484400,10.16%
6/1/2001,22,27.68,28.82,20.700001,14344500,-20.52%
7/1/2001,20.16,21.68,21.68,18.780001,13463700,-7.01%
8/1/2001,22.360001,20.200001,22.76,19.75,8918600,10.69%
9/1/2001,20.200001,22.360001,23.25,15.85,11659000,-9.66%
10/1/2001,23.440001,19.92,24,18.43,13722400,17.67%
11/1/2001,25.23,23.35,27.290001,22.4,9494700,8.05%
12/1/2001,26.73,25.129999,27.99,24.690001,6794500,6.37%
1/1/2002,23.02,26.73,27.860001,21.799999,9666900,-13.88%
2/1/2002,27.76,23,28.85,21.139999,9122600,20.70%
3/1/2002,30.25,27.76,31.76,27.18,10307500,8.97%
4/1/2002,31.950001,29.809999,33.939999,29.26,9679700,7.18%
5/1/2002,31.120001,31.860001,33.990002,30.209999,8371700,-2.32%
6/1/2002,26.360001,31.120001,31.24,24.48,9511100,-15.30%
7/1/2002,21.620001,26.379999,27.139999,18.610001,13080690,-18.04%
8/1/2002,22.66,21.870001,23.35,20.01,8333597,3.61%
9/1/2002,16.93,22.66,22.66,16.4,11095166,-25.29%
10/1/2002,18.790001,17.15,18.99,14,15001109,9.56%
11/1/2002,19.4,18.790001,20,16.799999,9153447,3.25%
12/1/2002,18.52,19.299999,19.719999,17.799999,8731416,-4.04%
1/1/2003,17.25,18.52,19.629999,16.799999,8407956,-6.86%
2/1/2003,17.35,17.34,17.51,16.49,4346757,0.06%
3/1/2003,18.190001,17.25,18.940001,15.71,8028621,5.45%
4/1/2003,23.360001,18.299999,23.549999,18.110001,8029450,27.65%
5/1/2003,25.200001,23.299999,26.57,22.91,14041886,8.15%
6/1/2003,23.809999,25.219999,27,22.299999,23294310,-5.59%
7/1/2003,24.77,23.809999,24.879999,23.25,12028764,4.03%
8/1/2003,23.6,24.6,24.620001,22.66,6485489,-4.07%
9/1/2003,27.6,23.6,31.000999,23.49,15421438,16.95%
10/1/2003,34.970001,27.459999,35.639999,27.459999,10720506,27.35%
11/1/2003,36.73,35.110001,37.169998,34.68,6588015,4.61%
12/1/2003,36.07,36.810001,37.25,33.16,7527142,-2.01%
1/1/2004,34.610001,36.07,39.959999,34.57,9289570,-4.05%
2/1/2004,34.5,34.400002,34.529999,31.379999,9675223,0.29%
3/1/2004,32.439999,34.200001,34.720001,31.02,7327800,-5.15%
4/1/2004,34.360001,32.360001,35.830002,31.200001,9038613,6.18%
5/1/2004,37.369999,34.380001,37.740002,33.52,5584412,8.70%
6/1/2004,39.650002,37.509998,39.650002,36.150002,4296510,5.71%
7/1/2004,36.610001,39.549999,39.900002,35.27,4989423,-7.43%
8/1/2004,37.349998,36.549999,37.790001,32.380001,6510522,2.19%
9/1/2004,37.169998,37.200001,37.700001,35.790001,4497131,-0.08%
10/1/2004,40.009998,37.419998,40.48,37.150002,5378845,6.92%
11/1/2004,41.98,39.759998,42.959999,39.5,6697604,5.58%
12/1/2004,44.82,42.150002,45.150002,40.93,7577184,6.33%
1/1/2005,43.639999,44.580002,45.259998,40.68,7443835,-2.11%
2/1/2005,43.82,43.82,45.669998,42.25,4995802,0.00%
3/1/2005,44.060001,43.68,45.740002,42.779999,6989052,0.87%
4/1/2005,47.400002,44,47.889999,42.849998,9955152,7.73%
5/1/2005,47.759998,47,48.950001,45.959999,7333219,1.62%
6/1/2005,47.900002,47.450001,50,46.459999,7820808,0.95%
7/1/2005,51.34,47.639999,52.330002,47.459999,5693297,7.77%
8/1/2005,47.040001,51.360001,52.299999,46.299999,4846139,-8.41%
9/1/2005,48.639999,47.049999,50.740002,45.799999,5958103,3.38%
10/1/2005,49.709999,48.799999,50.099998,45.700001,6317260,1.86%
11/1/2005,48.09,49.360001,50.34,47.900002,4004958,-2.57%
12/1/2005,46.84,48.220001,49.549999,46.630001,8556341,-2.86%
1/1/2006,49.48,46.84,50.09,45.68,10288418,5.64%
2/1/2006,50.990002,49.48,51.869999,48.75,6327546,3.05%
3/1/2006,53.049999,51.009998,53.540001,49.939999,6429960,4.00%
4/1/2006,51.560001,53.09,54.779999,50.77,5984219,-2.88%
5/1/2006,48.220001,50.77,51.360001,46.310001,10427156,-5.02%
6/1/2006,45.459999,48.240002,49,43.73,10670829,-5.76%
7/1/2006,44.82,45.380001,46.939999,44,9097477,-1.23%
8/1/2006,45.189999,44.599998,46.060001,44.200001,6240741,1.32%
9/1/2006,44.639999,45.220001,46.099998,44.119999,6005942,-1.28%
10/1/2006,46.02,44.540001,47.57,43.700001,7964873,3.32%
11/1/2006,47.48,45.970001,48.669998,45.080002,5742737,3.28%
12/1/2006,46.619999,47.009998,47.990002,45.990002,5664404,-0.83%
1/1/2007,46.650002,46.619999,48.060001,45.91,6618191,0.06%
2/1/2007,48.849998,46.689999,50.59,46.602001,7344692,4.63%
3/1/2007,48.59,48,49.040001,46.049999,7693422,1.23%
4/1/2007,51.220001,48.490002,52.32,47.43,9311844,5.63%
5/1/2007,53.07,51.220001,53.48,51.16,9263885,3.61%
6/1/2007,53.110001,53.009998,54.650002,52.369999,9850750,0.19%
7/1/2007,52.68,53.099998,54.669998,50.919998,10184940,-0.79%
8/1/2007,49.759998,52.349998,55.481998,49.290001,19154898,-4.95%
9/1/2007,47.360001,49.759998,50.82,46.119999,11530877,-4.82%
10/1/2007,51.790001,47.02,51.790001,45.57,14174295,10.14%
11/1/2007,51.48,51.009998,53.110001,48.389999,14290191,0.92%
12/1/2007,50.400002,51.59,53,48.849998,7857522,-2.31%
1/1/2008,48.400002,50.400002,50.68,43.16,17202597,-3.97%
2/1/2008,45.299999,48.389999,50.5,45.029999,10915229,-6.39%
3/1/2008,43.639999,45.209999,46.849998,41.959999,11159097,-3.47%
4/1/2008,48.66,43.049999,49.73,39.68,20551520,13.03%
5/1/2008,51.25,49.07,51.73,48.560001,15421381,4.44%
6/1/2008,48.110001,51.169998,52.200001,48.049999,15389561,-5.98%
7/1/2008,57.59,47.759998,58.419998,42.880001,16543616,20.58%
8/1/2008,56.049999,57.5,60.27,52.950001,13254820,-2.52%
9/1/2008,57.919998,56.049999,83.099998,51.790001,15227277,3.34%
10/1/2008,51.450001,57.73,63.259998,43.490002,13619607,-10.88%
11/1/2008,40.049999,51.389999,55.610001,28.559999,19816623,-22.07%
12/1/2008,26.23,38.860001,39.709999,23.49,20357964,-32.50%
1/1/2009,20.77,26.23,26.48,19.76,17313461,-20.82%
2/1/2009,16.35,20.52,23.389999,14.9,19581928,-20.32%
3/1/2009,20.01,16.15,22.4,11.58,25636843,23.90%
4/1/2009,20.76,19.469999,22.65,15.61,20654653,6.63%
5/1/2009,26.969999,20.83,29.299999,20.65,11731672,29.48%
6/1/2009,27.219999,27.57,31.82,26.629999,11288488,-1.27%
7/1/2009,35.25,27.68,36.460098,23.629999,13879992,27.35%
8/1/2009,39.75,36.240002,40.91,35.990002,10841115,9.69%
9/1/2009,43.27,39.279999,44.625,36.73,10759904,10.16%
10/1/2009,41.25,43.110001,45.830002,40.810001,13017176,-4.31%
11/1/2009,37.860001,41.41,43.34,36.52,19681878,-8.57%
12/1/2009,41.66,38.16,42.68,36.599998,11474951,9.17%
1/1/2010,43.389999,41.66,47.970001,41.66,12754201,4.15%
2/1/2010,44.560001,43.580002,44.849998,39.5,11201702,2.25%
3/1/2010,46.66,44.709999,48.709999,44.459999,9100992,4.36%
4/1/2010,49.18,47.009998,52.279999,46.25,9156916,4.62%
5/1/2010,44.860001,49.41,50.740002,41.810001,15266856,-9.21%
6/1/2010,41.23,44.5,45.740002,40.779999,10118160,-7.35%
7/1/2010,43.189999,41.099998,46.169998,38.259998,13168911,5.09%
8/1/2010,37.169998,43.950001,44.299999,36.720001,9726673,-15.43%
9/1/2010,42.32,37.869999,42.939999,37.66,8655984,11.75%
10/1/2010,43.34,42.619999,46.580002,41.48,10941761,1.69%
11/1/2010,44.93,43.490002,47.75,42.48,8042833,3.31%
12/1/2010,53.049999,45.790001,55.700001,45.790001,9927960,15.85%
1/1/2011,52.470001,53.43,56.68,51.470001,13696400,-1.80%
2/1/2011,54.18,53.119999,56.18,52.139999,7484631,2.00%
3/1/2011,56.93,54,57.990002,51.75,15937025,5.43%
4/1/2011,60.439999,57.209999,60.73,55.98,11582742,5.65%
5/1/2011,59.380001,60.48,60.654999,57.52,7851919,-1.82%
6/1/2011,59.709999,58.950001,60.299999,55.27,10174487,1.29%
7/1/2011,61.02,59.830002,63.398998,58.689999,10186077,1.99%
8/1/2011,46.080002,61.330002,61.650002,40.029999,18707408,-24.87%
9/1/2011,37,46.009998,46.41,35.700001,11985772,-19.58%
10/1/2011,45.939999,36.439999,49.150002,33.150002,18868699,26.07%
11/1/2011,47.040001,43.91,48.029999,41.029999,8103461,7.13%
12/1/2011,47.689999,46.66,49.130001,43.91,6399707,2.21%
1/1/2012,58.040001,47.689999,58.25,47.540001,10889846,21.70%
2/1/2012,59.279999,58.099998,61.34,56.689999,8535762,2.03%
3/1/2012,64.339996,59.68,67.489998,58.400002,9788881,7.81%
4/1/2012,64.089996,64.699997,66.069397,60.849998,6204423,-0.94%
5/1/2012,59.66,63.93,65.230003,57.25,6214970,-6.68%
6/1/2012,58.720001,57.990002,58.82,54.119999,13356374,1.26%
7/1/2012,57.810001,58.689999,60.18,55.950001,5148717,-1.50%
8/1/2012,57.990002,58,59.369999,55.09,5704987,-0.02%
9/1/2012,60.459999,57.990002,62.849998,57.580002,5244035,4.26%
10/1/2012,56.59,60.580002,62.490002,55.27,4871364,-6.59%
11/1/2012,55.220001,56.720001,58.66,52.400002,5182694,-2.64%
12/1/2012,55.970001,55.5,57.25,53.48,4655050,0.85%
1/1/2013,66.370003,55.970001,66.620003,55.970001,6621585,18.58%
2/1/2013,67.059998,66.400002,68.5,65.445,6333536,0.99%
3/1/2013,70.940002,66.559998,71.150002,65.730003,4485200,6.58%
4/1/2013,71.110001,70.889999,71.514999,65.589996,5056033,0.31%
5/1/2013,77.389999,70.519997,78.529999,69.07,3697188,9.74%
6/1/2013,83.32,77.610001,83.910004,74.059998,6443563,7.36%
7/1/2013,87.234001,83.800003,91.459999,83.5,7514609,4.10%
8/1/2013,82.800003,88.220001,89.970001,82.279999,3914851,-6.14%
9/1/2013,86.370003,82.800003,86.75,79.540001,5502769,4.31%
10/1/2013,95.779999,86.120003,100,86.059998,6871753,11.22%
11/1/2013,101.239998,95.68,102.68,94.529999,3867648,5.81%
12/1/2013,104.860001,101,106.989998,97,5049378,3.82%
1/1/2014,112.230003,104.860001,121.919998,101.650002,7453825,7.03%
2/1/2014,125.910004,112.629997,128.130005,106.519997,5849902,11.79%
3/1/2014,128.779999,124.849998,134.998993,121.889999,8187668,3.15%
4/1/2014,106.690002,128.949997,130.169998,105.300003,9924459,-17.26%
5/1/2014,105.449997,106.720001,109.809998,100.300003,16975004,-1.19%
6/1/2014,116.620003,105.669998,120.07,103.800003,9962198,10.36%
7/1/2014,109.019997,117.25,119.160004,108.199997,8137159,-7.02%
8/1/2014,111.32,108.720001,111.879997,102.360001,6985406,2.39%
9/1/2014,112.089996,111.32,117.370003,109.940002,7272410,0.69%
10/1/2014,111.989998,111.489998,112.43,91.540001,11699506,0.45%
11/1/2014,105.150002,110.940002,115,104.949997,4780463,-5.22%
12/1/2014,116.07,103.980003,118.720001,100.540001,8963268,11.63%
1/1/2015,112.900002,116.07,118.595001,102.767998,8630010,-2.73%
2/1/2015,122.900002,113.870003,127.218002,112.160004,7824875,7.93%
3/1/2015,127.040001,123.07,128.850006,120.019997,8103933,3.23%
4/1/2015,132.759995,126.403999,135,122.629997,7041628,5.03%
5/1/2015,134.910004,132.537994,137.119995,128.410004,5858074,1.79%
6/1/2015,143.979996,134.164001,149.619995,132.690002,7878202,7.32%
7/1/2015,143.100006,148.929993,152.989899,136.910004,8732021,-3.91%
8/1/2015,125.080002,143.059998,149.669998,100.760002,12145469,-12.57%
9/1/2015,115.540001,121.730003,129.399994,112.550003,9127642,-5.09%
10/1/2015,122.07,115.290001,129.350006,108.010002,13053806,5.88%
11/1/2015,132.479996,123.290001,141.75,122.080002,8937403,7.45%
12/1/2015,118.900002,133.240005,134.429993,117.260002,13442182,-10.76%
1/1/2016,101.32,118.900002,118.900002,92.970001,20115323,-14.79%
2/1/2016,88.849998,101.239998,103.730003,77.871002,18169149,-12.24%
3/1/2016,102.050003,89.300003,104.650002,88.195,15512471,14.28%
4/1/2016,104.279999,101.029999,115.929901,96.339996,14352050,3.22%
5/1/2016,110.199997,104.080002,110.879997,91.370003,12975495,5.88%
6/1/2016,95.160004,108.040001,110.970001,82.900002,16279777,-11.92%
7/1/2016,100.419998,94.230003,105.260002,87.279999,11230507,6.57%
8/1/2016,111.059998,100.769997,112.419998,96.864998,9328496,10.21%
9/1/2016,110.540001,110.989998,112.830002,103.120003,8718997,-0.41%
10/1/2016,122.269997,109.610001,128.5,108.934998,12431590,11.55%
11/1/2016,158.029999,121.75,159.899994,116.591003,13043953,29.80%
12/1/2016,171.660004,158.179993,175.740005,158.179993,10095439,8.52%
1/1/2017,172.229996,171.660004,180.479996,165.050003,10857032,0.33%
2/1/2017,190.889999,174.509995,191.960007,169.470001,8397612,9.39%
3/1/2017,186.089996,196.940002,198.830002,170,14281739,-5.51%
4/1/2017,175.940002,187.110001,194.869995,173.000107,9496510,-5.97%
5/1/2017,170.5,176.929993,187,166.440002,14284535,-3.63%
6/1/2017,175.789993,172.470001,185.25,165.080002,11173696,1.92%
7/1/2017,178.440002,177.169998,186.190002,172,9324557,0.72%
8/1/2017,169.339996,180.199997,187.710007,163.690002,8694661,-6.03%
9/1/2017,187.089996,169.710007,191.380005,159.440002,7909759,10.24%
10/1/2017,219.279999,186.539993,223.820007,180.324997,9779570,17.55%
11/1/2017,227.639999,220.449997,233.460007,204.320007,7886195,3.26%
12/1/2017,233.770004,227.039993,242.919998,219.559998,9937645,2.96%
1/1/2018,246.550003,233.770004,263.089996,233.350006,8514682,5.47%
2/1/2018,248.979996,245.279999,257.299988,226.610001,8169145,1.51%
3/1/2018,240.009995,249.710007,271.790009,232.270004,23094950,-3.88%
4/1/2018,299.609985,240,306.940002,227.781006,12917913,24.84%
5/1/2018,312.130005,295,327.910004,294.230011,11186894,5.81%
6/1/2018,288.76001,316.929993,329.649994,287.570007,10803966,-8.89%
7/1/2018,307.880005,285.450012,333.73999,284.420013,10040124,7.86%
8/1/2018,322.75,308.23999,332.899994,308.23999,8369270,4.71%
9/1/2018,310.829987,322.75,329.880005,310.155212,7008421,-3.69%
10/1/2018,237.229996,313.070007,330.5,216.320007,19072678,-24.22%
11/1/2018,254.809998,239,256.359985,225,13688498,6.62%
12/1/2018,189.919998,260.470001,263.160004,177.699997,17681904,-27.09%
1/1/2019,233.380005,189.919998,244.979996,186.550003,14081155,22.88%
2/1/2019,247.160004,234.830002,254.979996,229.100006,7921918,5.25%
3/1/2019,222.360001,249.820007,254.470001,207.699997,9907102,-10.99%
4/1/2019,251.720001,225,255.345001,223.860001,9994688,11.88%
5/1/2019,201.399994,247.800003,259.950012,201.294998,9491655,-18.72%
6/1/2019,224.589996,200.419998,226.294998,197.339996,10842339,12.06%
7/1/2019,231.970001,227.559998,234.949997,212.320007,11397369,1.94%
8/1/2019,194.619995,230.800003,234.345001,183.039993,11754483,-15.68%
9/1/2019,208.949997,194.619995,227.287506,188.139999,10524634,7.36%
10/1/2019,221.479996,212.070007,229.809998,188.020004,11809445,4.44%
11/1/2019,231.729996,225,241.940002,224.110001,7793812,2.99%
12/1/2019,251.039993,232.660004,257.070007,220.059998,8340220,7.90%
1/1/2020,240.330002,251.039993,270.394989,239.690002,10522596,-4.27%
2/1/2020,208.160004,244,270.950012,199.029999,9714365,-14.69%
3/1/2020,151.080002,209.559998,218.429993,127.389999,21984005,-27.91%
4/1/2020,193.169998,142.070007,204.839996,136.630005,10880416,35.97%
5/1/2020,214.75,187.229996,225,152.759995,10254600,14.70%
6/1/2020,215.529999,213.410004,244.029999,200.410004,9673391,0.99%
7/1/2020,224.270004,213,234.789993,199.699997,6608680,5.29%
8/1/2020,255.380005,223.660004,259.13501,221.865005,5102584,14.18%
9/1/2020,240.619995,253.199997,267.809998,221.550003,7408357,-4.97%
10/1/2020,290.700012,243.059998,307.75,239.509995,6938694,19.60%
11/1/2020,344.859985,292.640015,363.100006,291.619995,8099389,17.84%
12/1/2020,387.829987,353.029999,389.059998,337.829987,6798253,9.86%
1/1/2021,437.779999,387.829987,497.851898,376.399994,10951055,12.88%
2/1/2021,505.359985,444.660004,550.400024,438.029999,7153090,13.65%
3/1/2021,493.660004,518.47998,577.059998,467.220001,14808993,-4.79%
4/1/2021,571.830017,485.630005,586.780029,474.200012,10804309,17.75%
5/1/2021,582.890015,577.530029,595.900024,542.700012,7033792,0.93%
6/1/2021,556.429993,591.5,608.840027,529.299988,8117158,-5.93%
7/1/2021,549.960022,561.909973,597.317383,531.25,8092900,-2.13%
8/1/2021,559.5,554.27002,601.349976,535.77002,9291725,0.94%
9/1/2021,646.880005,562,677.140015,555.789978,8297524,15.10%
10/1/2021,717.400024,650,759.02002,643.219971,7088022,10.37%
11/1/2021,692.330017,724.190002,763.219971,687.77002,6483702,-4.40%
12/1/2021,675.599976,702.48999,726.830017,661.640015,3139322,-3.83%
1/1/2023,302.440002,232.169998,305.674988,221.649994,20928704,30.27%
2/1/2023,288.109985,300.690002,348.059998,278.380005,14569764,-4.18%
3/1/2023,106.040001,284.640015,286.970001,100,42451933,-62.75%
3/9/2023,106.040001,176.550003,177.490005,100,11485729,-39.94%
